Well,Cycle,Target Name,Rn
A1,1,gene,51784.52344
A1,2,gene,53190.10156
A1,3,gene,53662.4375
A1,4,gene,53801.39063
A1,5,gene,54361.58594
A1,6,gene,54820.41016
A1,7,gene,54872.52344
A1,8,gene,54263.42188
A1,9,gene,54099.875
A1,10,gene,54365.44531
A1,11,gene,54923.25781
A1,12,gene,54941.26172
A1,13,gene,54316.32813
A1,14,gene,54445.14844
A1,15,gene,54694.94141
A1,16,gene,54840.19531
A1,17,gene,54416.125
A1,18,gene,54737.99219
A1,19,gene,54557.34766
A1,20,gene,54831.91797
A1,21,gene,54574.16016
A1,22,gene,54792.10156
A1,23,gene,54440.17188
A1,24,gene,54949.32031
A1,25,gene,54372.25781
A1,26,gene,54579.04297
A1,27,gene,54753.00391
A1,28,gene,55040.85547
A1,29,gene,54599.78516
A1,30,gene,55726.04688
A1,31,gene,56141.70313
A1,32,gene,57163.49609
A1,33,gene,59896.56641
A1,34,gene,66066.46875
A1,35,gene,76257.73438
A1,36,gene,94666.72656
A1,37,gene,123191.9219
A1,38,gene,153428.125
A1,39,gene,173737.0313
A1,40,gene,190218.8125
A1,41,gene,205552.1719
A1,42,gene,221948.3438
A1,43,gene,239440.3125
A1,44,gene,258203.8594
A1,45,gene,272642.0938
A2,1,gene,58976.37891
A2,2,gene,59907.10156
A2,3,gene,59833.1875
A2,4,gene,60394.15234
A2,5,gene,59975.56641
A2,6,gene,59473.36328
A2,7,gene,59815.18359
A2,8,gene,59558.40625
A2,9,gene,59725.54688
A2,10,gene,59855.39453
A2,11,gene,59447.58594
A2,12,gene,58726.05859
A2,13,gene,59139.91406
A2,14,gene,59563.57422
A2,15,gene,59190.10547
A2,16,gene,58960.53125
A2,17,gene,59085.19141
A2,18,gene,58943.08203
A2,19,gene,58502.39063
A2,20,gene,58502.78125
A2,21,gene,58681.71875
A2,22,gene,58453.28906
A2,23,gene,58166.19531
A2,24,gene,58694.36328
A2,25,gene,58109.52344
A2,26,gene,58091.07031
A2,27,gene,58504.67969
A2,28,gene,57893.07813
A2,29,gene,57639.03906
A2,30,gene,57897.53125
A2,31,gene,57919.17578
A2,32,gene,57562.84375
A2,33,gene,57843.34766
A2,34,gene,58083.78906
A2,35,gene,58129.21875
A2,36,gene,57825.94141
A2,37,gene,58357.73047
A2,38,gene,58983.23047
A2,39,gene,60368.10156
A2,40,gene,63012.75781
A2,41,gene,67388.63281
A2,42,gene,76720.08594
A2,43,gene,89787.84375
A2,44,gene,106916.3281
A2,45,gene,120606.8047
A3,1,gene,59657.57813
A3,2,gene,62867.03906
A3,3,gene,62242.29297
A3,4,gene,61992.65625
A3,5,gene,61435.29297
A3,6,gene,61359.32031
A3,7,gene,61806.67188
A3,8,gene,61489.09766
A3,9,gene,61412.98438
A3,10,gene,61148.28906
A3,11,gene,61306.35156
A3,12,gene,60756.79297
A3,13,gene,61049.69922
A3,14,gene,61219.45313
A3,15,gene,61009.99609
A3,16,gene,61206.82813
A3,17,gene,60518.23438
A3,18,gene,61079.67578
A3,19,gene,60649.91016
A3,20,gene,60908.42188
A3,21,gene,60330.53906
A3,22,gene,60662.5
A3,23,gene,60007.38281
A3,24,gene,60210.83594
A3,25,gene,60282.65234
A3,26,gene,60440.75781
A3,27,gene,60452.21094
A3,28,gene,60066.17969
A3,29,gene,60254.6875
A3,30,gene,60397.48438
A3,31,gene,60138.95313
A3,32,gene,60004.57031
A3,33,gene,61246.53516
A3,34,gene,61156.54688
A3,35,gene,61613.64844
A3,36,gene,63014.34766
A3,37,gene,64966.82422
A3,38,gene,68628.78906
A3,39,gene,76216.46875
A3,40,gene,89229.89063
A3,41,gene,111054.3047
A3,42,gene,140155.25
A3,43,gene,168352.8281
A3,44,gene,190319.7656
A3,45,gene,210141.5469
A4,1,gene,91122.14844
A4,2,gene,91424.53906
A4,3,gene,91128.3125
A4,4,gene,90967.42969
A4,5,gene,90790.10938
A4,6,gene,90784.94531
A4,7,gene,90725.84375
A4,8,gene,90621.65625
A4,9,gene,90328.30469
A4,10,gene,90703.59375
A4,11,gene,90596.63281
A4,12,gene,90053.25781
A4,13,gene,89879.1875
A4,14,gene,90479.8125
A4,15,gene,90316.75781
A4,16,gene,90278.34375
A4,17,gene,90454.15625
A4,18,gene,90370.45313
A4,19,gene,91027.02344
A4,20,gene,91307.64844
A4,21,gene,92978.75
A4,22,gene,94710.35938
A4,23,gene,98174.5
A4,24,gene,103940.0313
A4,25,gene,114496.0313
A4,26,gene,133820.625
A4,27,gene,164454.1406
A4,28,gene,206063.75
A4,29,gene,239764.75
A4,30,gene,253088.8438
A4,31,gene,262641
A4,32,gene,273811
A4,33,gene,288716.9063
A4,34,gene,303634.4063
A4,35,gene,319731.3438
A4,36,gene,334762.1875
A4,37,gene,350154.1875
A4,38,gene,365198.5313
A4,39,gene,379582.8438
A4,40,gene,392968.1875
A4,41,gene,405755.7188
A4,42,gene,416226.9063
A4,43,gene,428920.0313
A4,44,gene,438998.75
A4,45,gene,448299.2813
A5,1,gene,78598.875
A5,2,gene,79263.71875
A5,3,gene,78939.19531
A5,4,gene,78679.04688
A5,5,gene,78718.11719
A5,6,gene,78932.69531
A5,7,gene,78659.82031
A5,8,gene,78628.55469
A5,9,gene,78074.3125
A5,10,gene,78295.02344
A5,11,gene,78178.07031
A5,12,gene,77790.14063
A5,13,gene,77681.20313
A5,14,gene,77815.64063
A5,15,gene,78204.14063
A5,16,gene,77854.79688
A5,17,gene,77897.75
A5,18,gene,77775.5
A5,19,gene,77735.84375
A5,20,gene,77680.79688
A5,21,gene,78367.45313
A5,22,gene,78581.34375
A5,23,gene,79469.10938
A5,24,gene,80962.77344
A5,25,gene,83736.5625
A5,26,gene,88790.92969
A5,27,gene,97239.8125
A5,28,gene,112367.4141
A5,29,gene,137401.3281
A5,30,gene,171983.8906
A5,31,gene,202106.125
A5,32,gene,214505.9219
A5,33,gene,223972.9219
A5,34,gene,233811.6406
A5,35,gene,245554.2969
A5,36,gene,257511.5156
A5,37,gene,271069.25
A5,38,gene,285949.8438
A5,39,gene,299795.6875
A5,40,gene,313048.6563
A5,41,gene,326977
A5,42,gene,338684.125
A5,43,gene,351882.2188
A5,44,gene,363082.5625
A5,45,gene,372809.9375
A6,1,gene,49418.45703
A6,2,gene,49952.66797
A6,3,gene,50626.50781
A6,4,gene,50256.44922
A6,5,gene,50248.71094
A6,6,gene,50286.70703
A6,7,gene,50277.12109
A6,8,gene,50079.28516
A6,9,gene,49929.83984
A6,10,gene,50706.21094
A6,11,gene,50445.26563
A6,12,gene,50295.17969
A6,13,gene,50068.62109
A6,14,gene,50571.02734
A6,15,gene,50343.34375
A6,16,gene,50389.60156
A6,17,gene,50269.80859
A6,18,gene,50518.02344
A6,19,gene,50541.67578
A6,20,gene,50464.11719
A6,21,gene,50486.08594
A6,22,gene,50415.74219
A6,23,gene,50490.13281
A6,24,gene,51003.46875
A6,25,gene,51002.64844
A6,26,gene,51939.64453
A6,27,gene,53414.06641
A6,28,gene,56011.07813
A6,29,gene,61308.63281
A6,30,gene,71399.11719
A6,31,gene,87857.38281
A6,32,gene,108982.7656
A6,33,gene,131211
A6,34,gene,151203.1406
A6,35,gene,170087.875
A6,36,gene,186307.7969
A6,37,gene,200719.1875
A6,38,gene,214092.3125
A6,39,gene,226001.1094
A6,40,gene,236751.7656
A6,41,gene,245696.7656
A6,42,gene,253931.7969
A6,43,gene,262172.1875
A6,44,gene,269560.6563
A6,45,gene,276299
B1,1,gene,55041.52734
B1,2,gene,55838.83203
B1,3,gene,56711.92188
B1,4,gene,56491.94922
B1,5,gene,56451.36719
B1,6,gene,56676.88281
B1,7,gene,56804.58203
B1,8,gene,56598.50391
B1,9,gene,56371.02734
B1,10,gene,56499.15234
B1,11,gene,56131.85547
B1,12,gene,56407.91406
B1,13,gene,56739.97656
B1,14,gene,56390.32813
B1,15,gene,56727.23438
B1,16,gene,56338.77734
B1,17,gene,56081.01172
B1,18,gene,56098.85938
B1,19,gene,56011.61328
B1,20,gene,55814.12109
B1,21,gene,55594.12891
B1,22,gene,55801.64063
B1,23,gene,55605.42188
B1,24,gene,55522.0625
B1,25,gene,55641.82031
B1,26,gene,55377.19531
B1,27,gene,55126.90234
B1,28,gene,55055.51563
B1,29,gene,54869.00391
B1,30,gene,55279.07031
B1,31,gene,54804.53125
B1,32,gene,54760.61328
B1,33,gene,55096.08203
B1,34,gene,54851.22266
B1,35,gene,54767.31641
B1,36,gene,54623.76172
B1,37,gene,54855.89063
B1,38,gene,54656.29688
B1,39,gene,54693.69141
B1,40,gene,54504.40625
B1,41,gene,54306.46875
B1,42,gene,54234.36328
B1,43,gene,54719.83203
B1,44,gene,54555.47266
B1,45,gene,54769.75
B2,1,gene,57616.73828
B2,2,gene,56900.53906
B2,3,gene,56662.3125
B2,4,gene,56657.25781
B2,5,gene,56714.80078
B2,6,gene,56321.58594
B2,7,gene,56195.68359
B2,8,gene,56391.79297
B2,9,gene,56516.96484
B2,10,gene,56428.10938
B2,11,gene,56094.70703
B2,12,gene,56131.57031
B2,13,gene,56189.98047
B2,14,gene,56079.14844
B2,15,gene,56255.38672
B2,16,gene,56434.44141
B2,17,gene,56322.63281
B2,18,gene,56511.10156
B2,19,gene,56154.35547
B2,20,gene,55760.16406
B2,21,gene,56038.44922
B2,22,gene,55487.75781
B2,23,gene,55421.08984
B2,24,gene,55831.12109
B2,25,gene,55484.15234
B2,26,gene,56076.84766
B2,27,gene,55119.25
B2,28,gene,55335.05469
B2,29,gene,55125.05859
B2,30,gene,55717.84375
B2,31,gene,55150.78516
B2,32,gene,55535.20703
B2,33,gene,55454.80469
B2,34,gene,54955.41797
B2,35,gene,55259.48828
B2,36,gene,55009.43359
B2,37,gene,55115.82031
B2,38,gene,55089.00781
B2,39,gene,54940.43359
B2,40,gene,54747.4375
B2,41,gene,54874.22656
B2,42,gene,54791.73047
B2,43,gene,54920.27344
B2,44,gene,54599.12109
B2,45,gene,54617.875
B3,1,gene,81230.75
B3,2,gene,79892.73438
B3,3,gene,79241.75
B3,4,gene,79196.0625
B3,5,gene,79155.1875
B3,6,gene,79445.23438
B3,7,gene,78546.59375
B3,8,gene,79413.01563
B3,9,gene,78911.35156
B3,10,gene,78762.60938
B3,11,gene,78605.22656
B3,12,gene,78388.04688
B3,13,gene,78974.01563
B3,14,gene,78637.80469
B3,15,gene,78756.13281
B3,16,gene,78671.07813
B3,17,gene,78388.60156
B3,18,gene,78304.54688
B3,19,gene,78225.95313
B3,20,gene,78230.19531
B3,21,gene,78195.26563
B3,22,gene,77690.28125
B3,23,gene,77816.24219
B3,24,gene,78090.34375
B3,25,gene,77397.34375
B3,26,gene,77856.8125
B3,27,gene,77289.19531
B3,28,gene,77343.45313
B3,29,gene,76929.46875
B3,30,gene,77053.34375
B3,31,gene,77176.375
B3,32,gene,77084.05469
B3,33,gene,77157.96875
B3,34,gene,76923.72656
B3,35,gene,76538.89063
B3,36,gene,76814.46875
B3,37,gene,76257.91406
B3,38,gene,76251.08594
B3,39,gene,76144.78906
B3,40,gene,76519.92969
B3,41,gene,76206.29688
B3,42,gene,75997.48438
B3,43,gene,76675.99219
B3,44,gene,76251.17969
B3,45,gene,75932.46875
B4,1,gene,75093.125
B4,2,gene,73747.66406
B4,3,gene,73476.45313
B4,4,gene,73493.28906
B4,5,gene,73802.92188
B4,6,gene,73557.84375
B4,7,gene,73248.15625
B4,8,gene,73113.48438
B4,9,gene,73296.26563
B4,10,gene,73336.49219
B4,11,gene,73588.60938
B4,12,gene,73501.67188
B4,13,gene,72726.3125
B4,14,gene,72959.98438
B4,15,gene,72868.1875
B4,16,gene,72663
B4,17,gene,72596.82031
B4,18,gene,72660.13281
B4,19,gene,72409.5625
B4,20,gene,72437.01563
B4,21,gene,72266.00781
B4,22,gene,72070.32813
B4,23,gene,72220.38281
B4,24,gene,72133.19531
B4,25,gene,72042.21094
B4,26,gene,71787.46875
B4,27,gene,71728.65625
B4,28,gene,71707.34375
B4,29,gene,71307.26563
B4,30,gene,71302.36719
B4,31,gene,71281.38281
B4,32,gene,71672.46875
B4,33,gene,70887.50781
B4,34,gene,70228.75781
B4,35,gene,70834.84375
B4,36,gene,70662.85938
B4,37,gene,70366.60156
B4,38,gene,70474.91406
B4,39,gene,70306.60938
B4,40,gene,70094.72656
B4,41,gene,70641.5625
B4,42,gene,70383.46875
B4,43,gene,70015.78125
B4,44,gene,70144.49219
B4,45,gene,70293.28906
B5,1,gene,75161.03125
B5,2,gene,74258.11719
B5,3,gene,73839.64844
B5,4,gene,73548.53125
B5,5,gene,73643.60156
B5,6,gene,73719.17969
B5,7,gene,73803.6875
B5,8,gene,73985.60938
B5,9,gene,73757.02344
B5,10,gene,74094.10156
B5,11,gene,74167.27344
B5,12,gene,74259.26563
B5,13,gene,74750.05469
B5,14,gene,74579.20313
B5,15,gene,74869.22656
B5,16,gene,74866.82031
B5,17,gene,75360.96094
B5,18,gene,75133.67188
B5,19,gene,75342.71094
B5,20,gene,75526.14063
B5,21,gene,75702.71094
B5,22,gene,75669.75781
B5,23,gene,75899.36719
B5,24,gene,76241.40625
B5,25,gene,76227.73438
B5,26,gene,76369.22656
B5,27,gene,76266.61719
B5,28,gene,76776.82813
B5,29,gene,76519.49219
B5,30,gene,76835.375
B5,31,gene,76953.98438
B5,32,gene,77357.03906
B5,33,gene,77204.72656
B5,34,gene,77593.11719
B5,35,gene,77837.09375
B5,36,gene,78070.64844
B5,37,gene,78279.74219
B5,38,gene,78674.53906
B5,39,gene,78860.88281
B5,40,gene,78886.50781
B5,41,gene,79277.80469
B5,42,gene,79277.41406
B5,43,gene,80056.05469
B5,44,gene,80119.57813
B5,45,gene,80434.21875
B6,1,gene,100973.1016
B6,2,gene,98683
B6,3,gene,98659.21094
B6,4,gene,98101.30469
B6,5,gene,97554.28125
B6,6,gene,97076.21875
B6,7,gene,96974.03906
B6,8,gene,96827.1875
B6,9,gene,96665.13281
B6,10,gene,96812.35938
B6,11,gene,96270.84375
B6,12,gene,96391.64063
B6,13,gene,95921
B6,14,gene,95769.625
B6,15,gene,95527.32031
B6,16,gene,95551.92969
B6,17,gene,95542.3125
B6,18,gene,95257.96875
B6,19,gene,95169.47656
B6,20,gene,94700.14063
B6,21,gene,94475.73438
B6,22,gene,94233.41406
B6,23,gene,94485.89063
B6,24,gene,93735.23438
B6,25,gene,93679.44531
B6,26,gene,93306.85156
B6,27,gene,93281.13281
B6,28,gene,93020.66406
B6,29,gene,92895.10938
B6,30,gene,92931.89063
B6,31,gene,92637.875
B6,32,gene,92312.66406
B6,33,gene,92387.14063
B6,34,gene,92331.57813
B6,35,gene,92265.83594
B6,36,gene,91875.39063
B6,37,gene,92297.11719
B6,38,gene,91719.375
B6,39,gene,91871.69531
B6,40,gene,91560.85938
B6,41,gene,90920.28906
B6,42,gene,91333.25
B6,43,gene,91083.4375
B6,44,gene,91095.26563
B6,45,gene,91330.82813
C1,1,gene,55152.75391
C1,2,gene,55741.54297
C1,3,gene,56469.67188
C1,4,gene,55932.27344
C1,5,gene,56282.16406
C1,6,gene,56583.71875
C1,7,gene,56733.68359
C1,8,gene,56512.34375
C1,9,gene,56713.30469
C1,10,gene,56785.8125
C1,11,gene,57034.94141
C1,12,gene,56790.65234
C1,13,gene,57838.75
C1,14,gene,57904.70313
C1,15,gene,58774.24609
C1,16,gene,60625.1875
C1,17,gene,63562.14453
C1,18,gene,69073.51563
C1,19,gene,80446.10156
C1,20,gene,101096.7188
C1,21,gene,136718.625
C1,22,gene,194484.4375
C1,23,gene,271844.6563
C1,24,gene,334921.9375
C1,25,gene,363647.5938
C1,26,gene,392188.0313
C1,27,gene,418869.0313
C1,28,gene,439490.5625
C1,29,gene,455749.0313
C1,30,gene,469892.9688
C1,31,gene,480014.0938
C1,32,gene,488377.4375
C1,33,gene,495320.3438
C1,34,gene,501350.4688
C1,35,gene,506573.25
C1,36,gene,510224
C1,37,gene,514238.6563
C1,38,gene,518144.0938
C1,39,gene,519823.4688
C1,40,gene,522615.4688
C1,41,gene,524411.0625
C1,42,gene,525725
C1,43,gene,528740.5625
C1,44,gene,529034.875
C1,45,gene,530793.375
C2,1,gene,29346.82227
C2,2,gene,29164.39258
C2,3,gene,29337.16797
C2,4,gene,29793.35742
C2,5,gene,29988.04297
C2,6,gene,29896.10352
C2,7,gene,29693.66211
C2,8,gene,29832.70313
C2,9,gene,29844.26758
C2,10,gene,30083.10742
C2,11,gene,29977.86133
C2,12,gene,30259.61719
C2,13,gene,30812.80078
C2,14,gene,31130.96094
C2,15,gene,32301.86914
C2,16,gene,34650.08984
C2,17,gene,37920.16406
C2,18,gene,43838.15234
C2,19,gene,53733.71094
C2,20,gene,67770.79688
C2,21,gene,82316.21094
C2,22,gene,92652.60156
C2,23,gene,100794.9844
C2,24,gene,109851.6172
C2,25,gene,117515.1484
C2,26,gene,125061.0078
C2,27,gene,132231.0781
C2,28,gene,138212.375
C2,29,gene,143959.5469
C2,30,gene,147902.3906
C2,31,gene,152047.1563
C2,32,gene,155316.9531
C2,33,gene,158908.6875
C2,34,gene,160982.6406
C2,35,gene,163314.1406
C2,36,gene,165512.5313
C2,37,gene,167160.5625
C2,38,gene,169079.9063
C2,39,gene,170040.7656
C2,40,gene,171391.1875
C2,41,gene,172365.8281
C2,42,gene,173585.1875
C2,43,gene,174584.75
C2,44,gene,175540.6094
C2,45,gene,175839.6563
C3,1,gene,84813.03125
C3,2,gene,83415.61719
C3,3,gene,82712.70313
C3,4,gene,82060
C3,5,gene,81334.99219
C3,6,gene,81302.04688
C3,7,gene,80391.07031
C3,8,gene,80219.14844
C3,9,gene,80075.90625
C3,10,gene,79244.55469
C3,11,gene,79094.07031
C3,12,gene,79202.9375
C3,13,gene,79341.9375
C3,14,gene,79969.03125
C3,15,gene,81946.53125
C3,16,gene,85210.46094
C3,17,gene,91445.57031
C3,18,gene,103745.8672
C3,19,gene,125740.2109
C3,20,gene,163553.7813
C3,21,gene,219499.7344
C3,22,gene,279522.1875
C3,23,gene,312848.0938
C3,24,gene,340454.8125
C3,25,gene,365685.1875
C3,26,gene,387755.4375
C3,27,gene,406909.5938
C3,28,gene,420614.625
C3,29,gene,432575.8438
C3,30,gene,441630.4375
C3,31,gene,449427.7813
C3,32,gene,455368.9063
C3,33,gene,460745.4688
C3,34,gene,465506.8125
C3,35,gene,469031.0625
C3,36,gene,472673.8125
C3,37,gene,475245.1875
C3,38,gene,477568.25
C3,39,gene,479859.8125
C3,40,gene,481211.7813
C3,41,gene,483374.8125
C3,42,gene,484238.4688
C3,43,gene,485513.0313
C3,44,gene,486845.5625
C3,45,gene,487718.2188
C4,1,gene,58959.36719
C4,2,gene,58553.69531
C4,3,gene,58483.07422
C4,4,gene,58646.85938
C4,5,gene,58253.03906
C4,6,gene,58338.86719
C4,7,gene,57925.22266
C4,8,gene,58033.47656
C4,9,gene,58093.44531
C4,10,gene,57947.79297
C4,11,gene,58083.57031
C4,12,gene,58181.94922
C4,13,gene,57856.44141
C4,14,gene,58011.19922
C4,15,gene,58077.39063
C4,16,gene,58184.20703
C4,17,gene,58343.77344
C4,18,gene,59142.0625
C4,19,gene,60150.51563
C4,20,gene,62779.13281
C4,21,gene,67127.30469
C4,22,gene,75757.08594
C4,23,gene,90618.20313
C4,24,gene,117898.7344
C4,25,gene,165041.4531
C4,26,gene,233557.9844
C4,27,gene,299791.25
C4,28,gene,348614.6563
C4,29,gene,401149.9688
C4,30,gene,450599.5625
C4,31,gene,492610.875
C4,32,gene,527799.75
C4,33,gene,558980.875
C4,34,gene,584572.0625
C4,35,gene,606207
C4,36,gene,623289.125
C4,37,gene,639319.375
C4,38,gene,652322.3125
C4,39,gene,663135.25
C4,40,gene,673086.625
C4,41,gene,681467
C4,42,gene,689338.3125
C4,43,gene,696147.25
C4,44,gene,706082.6875
C4,45,gene,708068.3125
C5,1,gene,63668.86328
C5,2,gene,63318.78906
C5,3,gene,63365.62109
C5,4,gene,63440.30078
C5,5,gene,63348.60938
C5,6,gene,63088.86719
C5,7,gene,62995.19531
C5,8,gene,63219.32813
C5,9,gene,63617.75391
C5,10,gene,63429.62891
C5,11,gene,63317.41016
C5,12,gene,63071.87891
C5,13,gene,63085.59766
C5,14,gene,63865.97266
C5,15,gene,64014.03516
C5,16,gene,64459.34375
C5,17,gene,65722.79688
C5,18,gene,67810.8125
C5,19,gene,71381.03125
C5,20,gene,78129.30469
C5,21,gene,90551.65625
C5,22,gene,112964.8672
C5,23,gene,152515.3281
C5,24,gene,215099.0781
C5,25,gene,283605.5
C5,26,gene,337572.8125
C5,27,gene,394385.5313
C5,28,gene,450067
C5,29,gene,498990.1875
C5,30,gene,540161.3125
C5,31,gene,574686.9375
C5,32,gene,604113.1875
C5,33,gene,629636.0625
C5,34,gene,651062.8125
C5,35,gene,671850.0625
C5,36,gene,686687.3125
C5,37,gene,699674.0625
C5,38,gene,711964.4375
C5,39,gene,721798.75
C5,40,gene,730510.5625
C5,41,gene,738278
C5,42,gene,744740.875
C5,43,gene,752119.375
C5,44,gene,758502.3125
C5,45,gene,762346.8125
C6,1,gene,73932.30469
C6,2,gene,71485.78906
C6,3,gene,71187.96875
C6,4,gene,70731.78125
C6,5,gene,70459.64063
C6,6,gene,70328.74219
C6,7,gene,69733.21875
C6,8,gene,69644.38281
C6,9,gene,69696.78125
C6,10,gene,69205.04688
C6,11,gene,69290.79688
C6,12,gene,69259.52344
C6,13,gene,69001.78906
C6,14,gene,69429.99219
C6,15,gene,69707.80469
C6,16,gene,70512.38281
C6,17,gene,72589.21875
C6,18,gene,75538.74219
C6,19,gene,82320.6875
C6,20,gene,95083.20313
C6,21,gene,117985.2266
C6,22,gene,158346.875
C6,23,gene,223186.625
C6,24,gene,310992.9375
C6,25,gene,380112.0938
C6,26,gene,427719.5313
C6,27,gene,477408.4375
C6,28,gene,517000.4375
C6,29,gene,548372.5
C6,30,gene,572319.1875
C6,31,gene,592759.5
C6,32,gene,608756.25
C6,33,gene,621807.875
C6,34,gene,632773.0625
C6,35,gene,641435.625
C6,36,gene,648604.875
C6,37,gene,656178.4375
C6,38,gene,661637.625
C6,39,gene,665369.25
C6,40,gene,670461.125
C6,41,gene,673162.5
C6,42,gene,675212.5
C6,43,gene,679685.625
C6,44,gene,682333.75
C6,45,gene,684442.5625
D1,1,gene,47135.77734
D1,2,gene,47419.56641
D1,3,gene,47748.42969
D1,4,gene,48283.72266
D1,5,gene,47765.32422
D1,6,gene,47910.45313
D1,7,gene,48012.03516
D1,8,gene,47887.45313
D1,9,gene,48135.72656
D1,10,gene,48271.54688
D1,11,gene,48302.69141
D1,12,gene,48869.77344
D1,13,gene,48394.67188
D1,14,gene,48329.10547
D1,15,gene,48290.50391
D1,16,gene,47606.00781
D1,17,gene,47735.90234
D1,18,gene,48213.67188
D1,19,gene,48361.21875
D1,20,gene,47871.07031
D1,21,gene,47806.20313
D1,22,gene,48254.00391
D1,23,gene,48337.00391
D1,24,gene,47995.46875
D1,25,gene,47966.68359
D1,26,gene,48310.17969
D1,27,gene,48187.16406
D1,28,gene,47954.22266
D1,29,gene,48344.50781
D1,30,gene,48565.60156
D1,31,gene,48903.38281
D1,32,gene,49721.55859
D1,33,gene,51316.96094
D1,34,gene,54534.78516
D1,35,gene,60027.07813
D1,36,gene,70196.125
D1,37,gene,88889.39063
D1,38,gene,120781.9375
D1,39,gene,168343.0469
D1,40,gene,215202.6563
D1,41,gene,243396.4375
D1,42,gene,260998.1719
D1,43,gene,281347.0313
D1,44,gene,299762.1875
D1,45,gene,314021.9688
D2,1,gene,49880.00781
D2,2,gene,50182.18359
D2,3,gene,50026.80469
D2,4,gene,50206.52344
D2,5,gene,49997.18359
D2,6,gene,50143.37109
D2,7,gene,50522.53125
D2,8,gene,50215.67188
D2,9,gene,50418.56641
D2,10,gene,50454.39453
D2,11,gene,50449.86719
D2,12,gene,50169.70703
D2,13,gene,50357.24609
D2,14,gene,50472.25781
D2,15,gene,50447.75781
D2,16,gene,50598.28125
D2,17,gene,50331.02734
D2,18,gene,50807.64453
D2,19,gene,51106.34766
D2,20,gene,51861.90625
D2,21,gene,53780.50391
D2,22,gene,56530.49219
D2,23,gene,62082.92188
D2,24,gene,72476.97656
D2,25,gene,91340.3125
D2,26,gene,123965.1797
D2,27,gene,180007.75
D2,28,gene,255765
D2,29,gene,321058.2813
D2,30,gene,363322.125
D2,31,gene,407548.4688
D2,32,gene,444763.8438
D2,33,gene,477236.7813
D2,34,gene,503682.2813
D2,35,gene,524120.7188
D2,36,gene,540372
D2,37,gene,553681.1875
D2,38,gene,564984.375
D2,39,gene,574702.875
D2,40,gene,582748.125
D2,41,gene,589414.3125
D2,42,gene,595289.75
D2,43,gene,600422
D2,44,gene,604767.625
D2,45,gene,609707.8125
D3,1,,
D3,2,,
D3,3,,
D3,4,,
D3,5,,
D3,6,,
D3,7,,
D3,8,,
D3,9,,
D3,10,,
D3,11,,
D3,12,,
D3,13,,
D3,14,,
D3,15,,
D3,16,,
D3,17,,
D3,18,,
D3,19,,
D3,20,,
D3,21,,
D3,22,,
D3,23,,
D3,24,,
D3,25,,
D3,26,,
D3,27,,
D3,28,,
D3,29,,
D3,30,,
D3,31,,
D3,32,,
D3,33,,
D3,34,,
D3,35,,
D3,36,,
D3,37,,
D3,38,,
D3,39,,
D3,40,,
D3,41,,
D3,42,,
D3,43,,
D3,44,,
D3,45,,
D4,1,gene,85610.22656
D4,2,gene,84929.03906
D4,3,gene,84395.05469
D4,4,gene,84333.27344
D4,5,gene,84429.08594
D4,6,gene,84049.85938
D4,7,gene,83938.79688
D4,8,gene,83984.69531
D4,9,gene,84369.72656
D4,10,gene,84397.89063
D4,11,gene,84098.35938
D4,12,gene,84004.96875
D4,13,gene,84322.77344
D4,14,gene,83602.85156
D4,15,gene,83846.34375
D4,16,gene,83765.30469
D4,17,gene,84169.99219
D4,18,gene,84452.71094
D4,19,gene,84200.20313
D4,20,gene,84008.55469
D4,21,gene,84485.5625
D4,22,gene,85072.30469
D4,23,gene,86234.48438
D4,24,gene,86951.02344
D4,25,gene,90257.64844
D4,26,gene,94910.99219
D4,27,gene,102451.5
D4,28,gene,117348.4063
D4,29,gene,142334.7969
D4,30,gene,179645.125
D4,31,gene,220821.9688
D4,32,gene,240169.5625
D4,33,gene,247464.1563
D4,34,gene,251702.3906
D4,35,gene,255912.3281
D4,36,gene,262708.0625
D4,37,gene,273065.6563
D4,38,gene,288114.4688
D4,39,gene,303620.2813
D4,40,gene,319160.5938
D4,41,gene,335175.4063
D4,42,gene,349104.125
D4,43,gene,363739.375
D4,44,gene,376416.3438
D4,45,gene,386496.7813
D5,1,gene,68145.21094
D5,2,gene,67432.17969
D5,3,gene,66852.92188
D5,4,gene,66731.30469
D5,5,gene,66553.82813
D5,6,gene,66974.63281
D5,7,gene,66567.78125
D5,8,gene,66396.11719
D5,9,gene,66786.65625
D5,10,gene,66745.82031
D5,11,gene,66517.50781
D5,12,gene,66807.21875
D5,13,gene,66560.11719
D5,14,gene,66772.29688
D5,15,gene,66509.5625
D5,16,gene,66700.96875
D5,17,gene,66626.82813
D5,18,gene,66977.57031
D5,19,gene,67022.28906
D5,20,gene,66968.30469
D5,21,gene,66903.8125
D5,22,gene,67233.49219
D5,23,gene,66980.45313
D5,24,gene,67059.82813
D5,25,gene,67482.66406
D5,26,gene,68034.60938
D5,27,gene,68574.77344
D5,28,gene,69581.11719
D5,29,gene,72123.44531
D5,30,gene,76562.60938
D5,31,gene,84038.35156
D5,32,gene,97117.75781
D5,33,gene,119298.6484
D5,34,gene,147041.2656
D5,35,gene,161127.7344
D5,36,gene,162727.4844
D5,37,gene,168870.7344
D5,38,gene,178378.2656
D5,39,gene,193047.1094
D5,40,gene,211065.9688
D5,41,gene,229416.4375
D5,42,gene,247220.25
D5,43,gene,264577.6875
D5,44,gene,281124.1563
D5,45,gene,295476.6563
D6,1,gene,104488.3828
D6,2,gene,101910.8828
D6,3,gene,101186.0859
D6,4,gene,101194.2734
D6,5,gene,100915.7422
D6,6,gene,100669.6875
D6,7,gene,100773.0938
D6,8,gene,100917.6406
D6,9,gene,100369.8594
D6,10,gene,100281.625
D6,11,gene,100671.3438
D6,12,gene,99932.39063
D6,13,gene,99774.66406
D6,14,gene,99860.65625
D6,15,gene,99549.08594
D6,16,gene,99840.99219
D6,17,gene,99548.28906
D6,18,gene,99839.14063
D6,19,gene,99629.20313
D6,20,gene,99744.35938
D6,21,gene,99690.54688
D6,22,gene,99435.82813
D6,23,gene,99252.17188
D6,24,gene,99624.03125
D6,25,gene,99653.40625
D6,26,gene,99567.01563
D6,27,gene,99555.73438
D6,28,gene,99263.0625
D6,29,gene,99833.97656
D6,30,gene,99948.48438
D6,31,gene,100446.8281
D6,32,gene,101487.2969
D6,33,gene,102848.1641
D6,34,gene,105249.7344
D6,35,gene,110342.9922
D6,36,gene,119507.5156
D6,37,gene,136979.625
D6,38,gene,165602.2656
D6,39,gene,200571.9688
D6,40,gene,234711.5313
D6,41,gene,269885.125
D6,42,gene,303411.375
D6,43,gene,336579.7188
D6,44,gene,365008.5313
D6,45,gene,389442.0938
E1,1,gene,63740.48047
E1,2,gene,63764.96484
E1,3,gene,64115.08203
E1,4,gene,64858
E1,5,gene,64446.44141
E1,6,gene,64781.41406
E1,7,gene,64735.28906
E1,8,gene,64876.42969
E1,9,gene,64728.23828
E1,10,gene,64465.29688
E1,11,gene,64779.15625
E1,12,gene,64739.40234
E1,13,gene,64614.85156
E1,14,gene,65078.89844
E1,15,gene,64332.84375
E1,16,gene,64895.14844
E1,17,gene,64443.11328
E1,18,gene,64475.19141
E1,19,gene,64509.83594
E1,20,gene,64486.92969
E1,21,gene,64622.90625
E1,22,gene,64848.02344
E1,23,gene,64469.70703
E1,24,gene,64935.12109
E1,25,gene,64744.71094
E1,26,gene,64640.72266
E1,27,gene,64001.10938
E1,28,gene,64425.30469
E1,29,gene,64315.62891
E1,30,gene,64398.75
E1,31,gene,64117.76953
E1,32,gene,64636.3125
E1,33,gene,64804.12891
E1,34,gene,64358.69922
E1,35,gene,64094.28125
E1,36,gene,64475.79688
E1,37,gene,64430.76953
E1,38,gene,64420.18359
E1,39,gene,63768.48438
E1,40,gene,64504.22266
E1,41,gene,64296.02734
E1,42,gene,63854.96484
E1,43,gene,63723.40625
E1,44,gene,63729.89844
E1,45,gene,64355.80469
E2,1,gene,51082.03125
E2,2,gene,51222.45703
E2,3,gene,51259.82813
E2,4,gene,51561.39844
E2,5,gene,51747.35938
E2,6,gene,51308.99609
E2,7,gene,51754.40625
E2,8,gene,51722.86719
E2,9,gene,51681.67578
E2,10,gene,51539.24609
E2,11,gene,51869.04297
E2,12,gene,50993.23828
E2,13,gene,51410.48047
E2,14,gene,51629.21875
E2,15,gene,51696.59375
E2,16,gene,51592.66406
E2,17,gene,51332.17188
E2,18,gene,51802.95313
E2,19,gene,51593.65625
E2,20,gene,51230.83984
E2,21,gene,51531.98828
E2,22,gene,51307.30078
E2,23,gene,51488.03906
E2,24,gene,51608.41016
E2,25,gene,51008.01563
E2,26,gene,51238.21484
E2,27,gene,51076.78125
E2,28,gene,50715.46875
E2,29,gene,51266.64453
E2,30,gene,51044.46484
E2,31,gene,51462.44531
E2,32,gene,51015.30469
E2,33,gene,51395.41016
E2,34,gene,51255.99609
E2,35,gene,51121.10547
E2,36,gene,51368.03906
E2,37,gene,51303.33203
E2,38,gene,51371.19531
E2,39,gene,51127.72656
E2,40,gene,50854.75391
E2,41,gene,50975.48047
E2,42,gene,50655.29688
E2,43,gene,51006.85156
E2,44,gene,50842.61719
E2,45,gene,51087.87109
E3,1,gene,108149.2813
E3,2,gene,107286.8906
E3,3,gene,107113.3203
E3,4,gene,106982.7031
E3,5,gene,107262.3125
E3,6,gene,106711.1641
E3,7,gene,106451.1484
E3,8,gene,107220.6953
E3,9,gene,106591.8516
E3,10,gene,106700.3203
E3,11,gene,107101.9141
E3,12,gene,106726.6406
E3,13,gene,106388.7109
E3,14,gene,106758.9609
E3,15,gene,106307.1641
E3,16,gene,106583.625
E3,17,gene,106625.9688
E3,18,gene,106523.8047
E3,19,gene,106181.2969
E3,20,gene,106321.5078
E3,21,gene,105693.1875
E3,22,gene,105399.4219
E3,23,gene,106791.5391
E3,24,gene,106149.6328
E3,25,gene,105862.8594
E3,26,gene,105472.2344
E3,27,gene,105813.2266
E3,28,gene,105857.9609
E3,29,gene,105135.3047
E3,30,gene,105515.7813
E3,31,gene,105702.7109
E3,32,gene,105609.0313
E3,33,gene,105314.8984
E3,34,gene,105526.1406
E3,35,gene,104939.4453
E3,36,gene,105676.7031
E3,37,gene,105227.3516
E3,38,gene,105139.4688
E3,39,gene,104895.4531
E3,40,gene,105457.1797
E3,41,gene,104921.7109
E3,42,gene,105033.8281
E3,43,gene,104761.3281
E3,44,gene,104680.25
E3,45,gene,105035.2969
E4,1,gene,101089.4844
E4,2,gene,100328.8203
E4,3,gene,99862.60156
E4,4,gene,99831.79688
E4,5,gene,100265.4453
E4,6,gene,99861.05469
E4,7,gene,99595.94531
E4,8,gene,99823.60156
E4,9,gene,99824.14063
E4,10,gene,99731.94531
E4,11,gene,99925.92188
E4,12,gene,100213.4531
E4,13,gene,99794.625
E4,14,gene,100427.2656
E4,15,gene,100943.2734
E4,16,gene,100721
E4,17,gene,100510.9453
E4,18,gene,100422.8047
E4,19,gene,101390.1641
E4,20,gene,100480.4375
E4,21,gene,101029.3906
E4,22,gene,100460.7891
E4,23,gene,101227.9844
E4,24,gene,100766.6016
E4,25,gene,101484.0078
E4,26,gene,101152.4375
E4,27,gene,100725.3125
E4,28,gene,101647.6953
E4,29,gene,101606.0313
E4,30,gene,102011.9375
E4,31,gene,101727.5156
E4,32,gene,101728.4688
E4,33,gene,101676.2188
E4,34,gene,101570.1484
E4,35,gene,101598.9531
E4,36,gene,102700.4063
E4,37,gene,103316.5156
E4,38,gene,104490.3047
E4,39,gene,105467.0625
E4,40,gene,109318.7109
E4,41,gene,114762.1641
E4,42,gene,125862.1172
E4,43,gene,145030.9063
E4,44,gene,178250.2031
E4,45,gene,226314.3438
E5,1,gene,89941.46875
E5,2,gene,88869.10938
E5,3,gene,88256.78906
E5,4,gene,89083.73438
E5,5,gene,88703.25781
E5,6,gene,88616.17188
E5,7,gene,88355.25
E5,8,gene,88319.75781
E5,9,gene,88662.97656
E5,10,gene,89499.00781
E5,11,gene,89630.57031
E5,12,gene,89495.0625
E5,13,gene,89486.4375
E5,14,gene,88606.75
E5,15,gene,89297.52344
E5,16,gene,90195.32031
E5,17,gene,89580.03906
E5,18,gene,89868.89063
E5,19,gene,90203.67969
E5,20,gene,89773.5625
E5,21,gene,90272.47656
E5,22,gene,90368.84375
E5,23,gene,90572.99219
E5,24,gene,90755.34375
E5,25,gene,91351.22656
E5,26,gene,91337.08594
E5,27,gene,91177.32031
E5,28,gene,91700.67969
E5,29,gene,92818.625
E5,30,gene,93050.79688
E5,31,gene,94304.08594
E5,32,gene,96350.28906
E5,33,gene,100521.8281
E5,34,gene,107865.3359
E5,35,gene,121364.3438
E5,36,gene,145787.6875
E5,37,gene,182954.3125
E5,38,gene,229570.3281
E5,39,gene,260776.0469
E5,40,gene,270517.4375
E5,41,gene,291136.6563
E5,42,gene,315395.9688
E5,43,gene,340116.125
E5,44,gene,367446.6875
E5,45,gene,389465.625
E6,1,gene,124195.6016
E6,2,gene,122881.8672
E6,3,gene,122462.1016
E6,4,gene,122525.9219
E6,5,gene,121818.6953
E6,6,gene,122300.8672
E6,7,gene,122467.2031
E6,8,gene,121900.0156
E6,9,gene,121739.6172
E6,10,gene,121018.9219
E6,11,gene,120850.9297
E6,12,gene,121454.6172
E6,13,gene,120958.0313
E6,14,gene,120932.5469
E6,15,gene,120694.25
E6,16,gene,120564.3984
E6,17,gene,119822.5938
E6,18,gene,120685.6328
E6,19,gene,119722.1719
E6,20,gene,120115.4844
E6,21,gene,120625.3359
E6,22,gene,120134.0469
E6,23,gene,119522.1641
E6,24,gene,119657.9219
E6,25,gene,119042.0781
E6,26,gene,119395.9531
E6,27,gene,119572.8047
E6,28,gene,118789.0234
E6,29,gene,118581.2188
E6,30,gene,118266.3672
E6,31,gene,118796.5078
E6,32,gene,117858.4609
E6,33,gene,118017.3672
E6,34,gene,118632.7734
E6,35,gene,118168.0234
E6,36,gene,117849.9141
E6,37,gene,117593.4063
E6,38,gene,117622.3672
E6,39,gene,117496.4063
E6,40,gene,117353.5938
E6,41,gene,117030.3516
E6,42,gene,116479.4063
E6,43,gene,116001.8359
E6,44,gene,116509.2578
E6,45,gene,116794.2578